filename,emotion,arousal,dominance,valence
s_001_1.wav,sad,0.4421026110649109,0.5386792421340942,0.3277747631072998
s_002_1.wav,sad,0.426685094833374,0.47190192341804504,0.5458044409751892
s_003_0.wav,sad,0.3711186647415161,0.43651682138442993,0.411985844373703
s_004_1.wav,sad,0.39305123686790466,0.47529906034469604,0.3349322974681854
s_005_1.wav,sad,0.5171176195144653,0.5575944781303406,0.5146557092666626
s_006_1.wav,sad,0.38808441162109375,0.44732898473739624,0.4450889229774475
s_007_0.wav,sad,0.3228614926338196,0.38217222690582275,0.47986143827438354
s_008_1.wav,sad,0.3741644024848938,0.4513319134712219,0.4517834782600403
s_009_0.wav,sad,0.3766910433769226,0.4532809257507324,0.5931686162948608
s_010_1.wav,sad,0.4555814862251282,0.5068944692611694,0.4600951671600342
s_011_1.wav,sad,0.5164943337440491,0.5862380862236023,0.5508155822753906
s_012_1.wav,sad,0.4121435284614563,0.47538837790489197,0.4699697494506836
s_013_1.wav,sad,0.5949304103851318,0.5311381816864014,0.6394965052604675
s_014_1.wav,sad,0.5049614906311035,0.538251519203186,0.515841007232666
s_015_1.wav,sad,0.4304877519607544,0.5301565527915955,0.38333964347839355
s_016_1.wav,sad,0.2423580139875412,0.37027961015701294,0.18504971265792847
s_017_1.wav,sad,0.5340114235877991,0.5850300192832947,0.47587835788726807
s_018_1.wav,sad,0.636717677116394,0.6605821847915649,0.4647718667984009
s_019_1.wav,sad,0.2854006886482239,0.37160947918891907,0.42598819732666016
s_020_0.wav,sad,0.32423457503318787,0.4410778880119324,0.3475540578365326
s_021_1.wav,sad,0.3193743824958801,0.36522960662841797,0.43099766969680786
s_022_1.wav,sad,0.4452870190143585,0.5053539276123047,0.3471229076385498
s_023_1.wav,sad,0.5219833254814148,0.5512876510620117,0.38886383175849915
s_024_1.wav,sad,0.3262752294540405,0.4232892096042633,0.49096935987472534
s_025_1.wav,sad,0.43495413661003113,0.5089997053146362,0.42719441652297974
s_026_0.wav,sad,0.40141651034355164,0.4636666476726532,0.37545567750930786
s_027_1.wav,sad,0.4936981201171875,0.5204716920852661,0.3698650598526001
s_028_1.wav,sad,0.47015678882598877,0.5049419403076172,0.3997589945793152
s_029_1.wav,sad,0.35868316888809204,0.4426777958869934,0.22528988122940063
s_030_1.wav,sad,0.5556957721710205,0.5969884395599365,0.32251179218292236
s_031_1.wav,sad,0.6023381352424622,0.5841827392578125,0.37292081117630005
s_032_1.wav,sad,0.3982779383659363,0.37170183658599854,0.4141445755958557
s_033_1.wav,sad,0.6073111891746521,0.5657962560653687,0.532163143157959
s_034_1.wav,sad,0.36021924018859863,0.45152875781059265,0.34433382749557495
s_035_1.wav,sad,0.33552390336990356,0.42182445526123047,0.4063716232776642
s_036_1.wav,sad,0.713340163230896,0.658571183681488,0.49364417791366577
s_037_1.wav,sad,0.7941385507583618,0.6950135827064514,0.4898865818977356
s_038_1.wav,sad,0.5564509034156799,0.5070052146911621,0.5319579839706421
s_039_1.wav,sad,0.6914359927177429,0.6313449740409851,0.21782399713993073
s_040_1.wav,sad,0.37043774127960205,0.44885286688804626,0.3302866816520691
s_041_1.wav,sad,0.5769110918045044,0.5421769618988037,0.4862607419490814
s_042_1.wav,sad,0.5941365361213684,0.5195199251174927,0.18732088804244995
s_043_1.wav,sad,0.5796840786933899,0.566364049911499,0.36047106981277466
s_044_1.wav,sad,0.5959303379058838,0.6146961450576782,0.23887097835540771
s_045_1.wav,sad,0.49642300605773926,0.5426267981529236,0.36345237493515015
s_046_1.wav,sad,0.6354964971542358,0.66768878698349,0.30429476499557495
s_047_1.wav,sad,0.36580121517181396,0.4453743100166321,0.24840593338012695
s_048_1.wav,sad,0.5305007696151733,0.5051745772361755,0.4103107750415802
s_049_1.wav,sad,0.40832194685935974,0.4449007511138916,0.4273534417152405
s_050_1.wav,sad,0.3829021155834198,0.4622953534126282,0.35411739349365234
s_051_1.wav,sad,0.40068626403808594,0.43597155809402466,0.576451301574707
s_052_1.wav,sad,0.42336979508399963,0.4759441614151001,0.5829288959503174
s_053_1.wav,sad,0.49043163657188416,0.5066264867782593,0.4347843527793884
s_054_0.wav,sad,0.732900857925415,0.7650543451309204,0.4739394783973694
s_055_1.wav,sad,0.33858200907707214,0.42687666416168213,0.25061607360839844
s_056_1.wav,sad,0.2789451479911804,0.33179017901420593,0.29784417152404785
s_057_1.wav,sad,0.5515604615211487,0.508576512336731,0.3889266848564148
s_058_1.wav,sad,0.5272939205169678,0.5039384365081787,0.46650978922843933
s_059_1.wav,sad,0.6628021597862244,0.6452949047088623,0.619720458984375
s_060_1.wav,sad,0.7285910844802856,0.6718162298202515,0.48116374015808105
s_061_1.wav,sad,0.5026008486747742,0.48959532380104065,0.33190488815307617
s_062_1.wav,sad,0.5682799220085144,0.6167760491371155,0.36246544122695923
s_063_1.wav,sad,0.3899804949760437,0.45324617624282837,0.4418599605560303
s_064_1.wav,sad,0.5855404734611511,0.5870363712310791,0.6257239580154419
s_065_1.wav,sad,0.43154847621917725,0.4702272415161133,0.2687664031982422
s_066_1.wav,sad,0.30418938398361206,0.3413117825984955,0.4677346348762512
s_067_1.wav,sad,0.3572140634059906,0.43096399307250977,0.252873033285141
s_068_1.wav,sad,0.519263505935669,0.5043563842773438,0.35836637020111084
s_069_1.wav,sad,0.5987522602081299,0.5588974952697754,0.5712539553642273
s_070_1.wav,sad,0.5500556230545044,0.5538408756256104,0.533016562461853
s_071_1.wav,sad,0.3151175379753113,0.388952374458313,0.41175752878189087
s_072_1.wav,sad,0.5679366588592529,0.5715991854667664,0.2975144684314728
s_073_1.wav,sad,0.5332192182540894,0.49822428822517395,0.31691306829452515
s_074_0.wav,sad,0.26222869753837585,0.3233216404914856,0.4104501008987427
s_075_1.wav,sad,0.3676556944847107,0.4485898017883301,0.3710237145423889
s_076_1.wav,sad,0.4332963824272156,0.4903014600276947,0.31412816047668457
s_077_1.wav,sad,0.3562244772911072,0.4080476760864258,0.34162425994873047
s_078_1.wav,sad,0.36337947845458984,0.40909984707832336,0.3772168755531311
s_079_1.wav,sad,0.5826988220214844,0.6484453678131104,0.8446558713912964
s_080_1.wav,sad,0.38576245307922363,0.4464068114757538,0.5572744011878967
s_081_1.wav,sad,0.450298011302948,0.46833717823028564,0.17249327898025513
s_082_1.wav,sad,0.3699120581150055,0.4370463490486145,0.3385313153266907
s_083_1.wav,sad,0.5348137617111206,0.582472562789917,0.34964752197265625
s_084_1.wav,sad,0.4485332667827606,0.4710835814476013,0.4511744976043701
s_085_1.wav,sad,0.2723744213581085,0.37574267387390137,0.2872321605682373
s_086_1.wav,sad,0.3662755787372589,0.3961304724216461,0.379281222820282
s_087_1.wav,sad,0.4516807794570923,0.49688446521759033,0.37713995575904846
s_088_1.wav,sad,0.5670479536056519,0.5438873767852783,0.512054443359375
s_089_1.wav,sad,0.4757359027862549,0.5263617038726807,0.5641878843307495
s_090_1.wav,sad,0.4925980269908905,0.537886917591095,0.32216066122055054
s_091_1.wav,sad,0.15328902006149292,0.2860535979270935,0.4090091586112976
s_092_1.wav,sad,0.34906190633773804,0.41588127613067627,0.2584838271141052
s_093_1.wav,sad,0.36640000343322754,0.4561399221420288,0.5705747604370117
s_094_1.wav,sad,0.5947062373161316,0.6019942164421082,0.5261273980140686
s_095_1.wav,sad,0.5162372589111328,0.5787230134010315,0.6582099199295044
s_096_1.wav,sad,0.3963717818260193,0.45276063680648804,0.30950573086738586
s_097_1.wav,sad,0.4916340112686157,0.5331161022186279,0.5267896056175232
s_098_0.wav,sad,0.3232782483100891,0.4304468333721161,0.5500592589378357
s_099_0.wav,sad,0.27960097789764404,0.36065804958343506,0.36245203018188477
s_100_0.wav,sad,0.33629703521728516,0.44425272941589355,0.6420252323150635
s_101_0.wav,sad,0.2934345602989197,0.38866961002349854,0.48222261667251587
s_102_0.wav,sad,0.31632232666015625,0.3871151804924011,0.5322032570838928
s_103_0.wav,sad,0.3184933066368103,0.39962559938430786,0.582980751991272
s_104_1.wav,sad,0.44897663593292236,0.4635458290576935,0.6009275913238525
s_105_1.wav,sad,0.562005877494812,0.5864382982254028,0.49118855595588684
s_106_1.wav,sad,0.5044714212417603,0.5342737436294556,0.25278568267822266
s_107_1.wav,sad,0.5514851808547974,0.5693939924240112,0.510442852973938
s_108_1.wav,sad,0.4821469783782959,0.5251245498657227,0.4472481608390808
s_109_1.wav,sad,0.5381884574890137,0.5299229025840759,0.48622605204582214
s_110_1.wav,sad,0.5683907866477966,0.5477299690246582,0.49172329902648926
s_111_1.wav,sad,0.6291885375976562,0.6198776960372925,0.43352991342544556
s_112_0.wav,sad,0.3439446985721588,0.41122519969940186,0.39399904012680054
s_113_0.wav,sad,0.35240423679351807,0.4304162263870239,0.5197522640228271
s_114_0.wav,sad,0.2648223340511322,0.39307835698127747,0.60882568359375
s_115_0.wav,sad,0.36712443828582764,0.44639235734939575,0.5130904912948608
s_116_0.wav,sad,0.480797678232193,0.4746285080909729,0.5353643894195557
s_117_1.wav,sad,0.38944265246391296,0.4698970913887024,0.1816920042037964
s_118_1.wav,sad,0.2578979730606079,0.35164380073547363,0.40938955545425415
s_119_1.wav,sad,0.4587690830230713,0.5060315132141113,0.41483867168426514
s_120_0.wav,sad,0.3220706582069397,0.3959410786628723,0.5801687240600586
s_121_1.wav,sad,0.46163612604141235,0.5011753439903259,0.17279019951820374
s_122_1.wav,sad,0.4503732919692993,0.4901485741138458,0.3424944281578064
s_123_1.wav,sad,0.3231737017631531,0.41267549991607666,0.25483494997024536
s_124_1.wav,sad,0.48186782002449036,0.44223421812057495,0.49665021896362305
s_125_0.wav,sad,0.2721080183982849,0.3150888681411743,0.40362727642059326
s_126_1.wav,sad,0.5021213293075562,0.5702723264694214,0.4194530248641968
s_127_1.wav,sad,0.5424601435661316,0.598166823387146,0.4329880475997925
s_128_1.wav,sad,0.46298593282699585,0.5431304574012756,0.39483797550201416
s_129_1.wav,sad,0.5385997295379639,0.5635321140289307,0.3309869170188904
s_130_1.wav,sad,0.4975513219833374,0.4754273295402527,0.43171262741088867
s_131_1.wav,sad,0.5493113994598389,0.5048993229866028,0.3987884521484375
s_132_1.wav,sad,0.38752511143684387,0.3277265429496765,0.4090026617050171
s_133_1.wav,sad,0.5646491050720215,0.5836042165756226,0.504030168056488
s_134_1.wav,sad,0.5236713886260986,0.5074644088745117,0.4646162986755371
s_135_1.wav,sad,0.5053296685218811,0.4549393653869629,0.3843168616294861
s_136_1.wav,sad,0.5180459022521973,0.544424831867218,0.49973487854003906
s_137_1.wav,sad,0.5750442743301392,0.5655724406242371,0.3394450545310974
s_138_1.wav,sad,0.5724753141403198,0.5454034805297852,0.4454115629196167
s_139_1.wav,sad,0.5409064292907715,0.5253543853759766,0.29218095541000366
s_140_1.wav,sad,0.649538516998291,0.6084486246109009,0.5650546550750732
s_141_1.wav,sad,0.43313246965408325,0.42457887530326843,0.37092268466949463
s_142_1.wav,sad,0.44377008080482483,0.47302573919296265,0.5212202072143555
s_143_1.wav,sad,0.5747559666633606,0.5535945892333984,0.2732290029525757
s_144_1.wav,sad,0.6040613651275635,0.574187159538269,0.39677268266677856
s_145_1.wav,sad,0.6186380386352539,0.6085206270217896,0.3534219264984131
s_146_1.wav,sad,0.4866980016231537,0.4870656132698059,0.3671090602874756
s_147_1.wav,sad,0.627044141292572,0.5711416006088257,0.5792988538742065
s_148_1.wav,sad,0.6103165745735168,0.6052120327949524,0.305599570274353
s_149_1.wav,sad,0.485088050365448,0.5300184488296509,0.4184272885322571
s_150_1.wav,sad,0.6112472414970398,0.6379806995391846,0.4770726263523102
s_151_1.wav,sad,0.4893243610858917,0.5198206901550293,0.3960292935371399
s_152_1.wav,sad,0.5199681520462036,0.5378148555755615,0.33966153860092163
s_153_1.wav,sad,0.6290989518165588,0.6208924055099487,0.6055816411972046
s_154_1.wav,sad,0.5290757417678833,0.5673820972442627,0.39703160524368286
s_155_1.wav,sad,0.40177828073501587,0.5115152597427368,0.27629441022872925
s_156_1.wav,sad,0.6406886577606201,0.6626253128051758,0.4443037807941437
s_157_1.wav,sad,0.4966092109680176,0.5279248952865601,0.29506027698516846
s_158_1.wav,sad,0.39430370926856995,0.42458343505859375,0.45551490783691406
s_159_1.wav,sad,0.5714089870452881,0.5882304906845093,0.5274306535720825
s_160_1.wav,sad,0.5367706418037415,0.576228141784668,0.29323679208755493
s_161_1.wav,sad,0.5549569725990295,0.5822693705558777,0.46492838859558105
s_162_1.wav,sad,0.3263375759124756,0.4221867322921753,0.27134817838668823
s_163_0.wav,sad,0.28470519185066223,0.3432058095932007,0.4868663549423218
s_164_0.wav,sad,0.5743447542190552,0.556398868560791,0.5118688941001892
s_165_0.wav,sad,0.3493216633796692,0.3859761953353882,0.4852256178855896
s_166_0.wav,sad,0.3525655269622803,0.4043404459953308,0.5249574184417725
s_167_0.wav,sad,0.3191990852355957,0.36591753363609314,0.3301166296005249
s_168_0.wav,sad,0.47617167234420776,0.5331209897994995,0.38903194665908813
s_169_0.wav,sad,0.3753677010536194,0.45875513553619385,0.1662529557943344
s_170_0.wav,sad,0.4720878005027771,0.4807189702987671,0.3891274929046631
s_171_0.wav,sad,0.30431967973709106,0.38298845291137695,0.2977767288684845
s_172_0.wav,sad,0.4407299757003784,0.45260903239250183,0.3627559542655945
s_173_0.wav,sad,0.34383636713027954,0.391066312789917,0.4611714482307434
s_174_0.wav,sad,0.5186843276023865,0.5440300703048706,0.40367254614830017
s_175_0.wav,sad,0.4776720702648163,0.4963377118110657,0.47003310918807983
s_176_0.wav,sad,0.48957428336143494,0.5272857546806335,0.5904284715652466
s_177_0.wav,sad,0.35783571004867554,0.4422352612018585,0.4653341770172119
s_178_0.wav,sad,0.41385790705680847,0.47379279136657715,0.4179518222808838
s_179_1.wav,sad,0.3578868508338928,0.42227327823638916,0.2223583161830902
s_180_1.wav,sad,0.2834835648536682,0.38180387020111084,0.19615107774734497
s_181_1.wav,sad,0.6146144866943359,0.65108323097229,0.4395483732223511
s_182_1.wav,sad,0.39050862193107605,0.4439452290534973,0.5093359351158142
s_183_1.wav,sad,0.5455105900764465,0.5453986525535583,0.45568060874938965
s_184_1.wav,sad,0.4409146010875702,0.49297404289245605,0.5377867817878723
s_185_1.wav,sad,0.29959356784820557,0.34627461433410645,0.3566931486129761
s_186_1.wav,sad,0.3631560802459717,0.4012821614742279,0.38886165618896484
s_187_1.wav,sad,0.47459858655929565,0.5084707736968994,0.24743880331516266
s_188_1.wav,sad,0.32148951292037964,0.4155951738357544,0.24951383471488953
s_189_1.wav,sad,0.6754199266433716,0.6492236852645874,0.49024492502212524
s_190_1.wav,sad,0.46312206983566284,0.4617723226547241,0.3931279182434082
s_191_1.wav,sad,0.7302725315093994,0.6811503171920776,0.6433371305465698
s_192_1.wav,sad,0.5577392578125,0.5650808811187744,0.3659428358078003
s_193_1.wav,sad,0.5547196865081787,0.5438161492347717,0.33000993728637695
s_194_1.wav,sad,0.6138213276863098,0.580084502696991,0.44434672594070435
s_195_1.wav,sad,0.6208148002624512,0.6154420375823975,0.5827746391296387
s_196_1.wav,sad,0.41520750522613525,0.48386648297309875,0.5129978060722351
s_197_1.wav,sad,0.3981701135635376,0.43389081954956055,0.4907069802284241
s_198_1.wav,sad,0.2566567659378052,0.3819415867328644,-0.05416582152247429
s_199_1.wav,sad,0.3519616723060608,0.3415096402168274,0.40867576003074646
s_200_1.wav,sad,0.42137110233306885,0.448708713054657,0.33637940883636475
s_201_1.wav,sad,0.7945957183837891,0.7435041666030884,0.8697760105133057
s_202_1.wav,sad,0.5756105184555054,0.5487672090530396,0.399860143661499
s_203_1.wav,sad,0.5046361684799194,0.43958646059036255,0.3076653480529785
s_204_1.wav,sad,0.8125645518302917,0.7606914043426514,0.13543668389320374
s_205_1.wav,sad,0.7575246691703796,0.6564724445343018,0.7429103851318359
a_001_0.wav,angry,0.9649313688278198,0.9315218925476074,0.1484546810388565
a_002_1.wav,angry,0.6124727725982666,0.61952805519104,0.2728081941604614
a_003_1.wav,angry,0.6408915519714355,0.615659236907959,0.3323468565940857
a_004_1.wav,angry,0.6813632845878601,0.6744944453239441,0.5105836987495422
a_005_1.wav,angry,0.666853666305542,0.6498713493347168,0.26009994745254517
a_006_1.wav,angry,0.9217609167098999,0.932681679725647,0.0031463876366615295
a_007_1.wav,angry,0.604508638381958,0.661104679107666,0.6227860450744629
a_008_1.wav,angry,0.7126172184944153,0.690048336982727,0.5624862313270569
a_009_1.wav,angry,0.9005318880081177,0.804151177406311,0.21526837348937988
a_010_1.wav,angry,0.549800455570221,0.5884849429130554,0.4466766119003296
a_011_1.wav,angry,0.6315776109695435,0.6220014691352844,0.5684429407119751
a_012_1.wav,angry,0.6475452780723572,0.6671858429908752,0.5073428153991699
a_013_1.wav,angry,0.734062671661377,0.7141841053962708,0.5061936378479004
a_014_1.wav,angry,0.7734780311584473,0.722241222858429,0.3748629093170166
a_015_1.wav,angry,0.8035498857498169,0.7588462233543396,0.3768973648548126
a_016_1.wav,angry,0.7277020215988159,0.6812859177589417,0.5441455245018005
a_017_1.wav,angry,0.7204291820526123,0.6832899451255798,0.4807969927787781
a_018_1.wav,angry,0.9118445515632629,0.8535605669021606,0.2430131733417511
a_019_1.wav,angry,0.5570043325424194,0.5962977409362793,0.5307977199554443
a_020_1.wav,angry,0.8002831935882568,0.745581865310669,0.3445878028869629
a_021_1.wav,angry,0.7440574765205383,0.717015266418457,0.38392478227615356
a_022_0.wav,angry,0.5505991578102112,0.5738152861595154,0.3117506504058838
a_023_1.wav,angry,0.7090123891830444,0.7118188738822937,0.514573872089386
a_024_0.wav,angry,0.8740526437759399,0.8512058854103088,0.5507215261459351
a_025_1.wav,angry,0.4838204085826874,0.5464605689048767,0.5508095026016235
a_026_1.wav,angry,0.6953967213630676,0.6865241527557373,0.43869027495384216
a_027_1.wav,angry,0.8212482929229736,0.7456721663475037,0.6769364476203918
a_028_1.wav,angry,0.6629829406738281,0.6203949451446533,0.42583167552948
a_029_1.wav,angry,0.4813469648361206,0.5291010141372681,0.3751876652240753
a_030_1.wav,angry,0.5726470351219177,0.5701311230659485,0.33171096444129944
a_031_1.wav,angry,0.6621518731117249,0.657232940196991,0.6209266185760498
a_032_1.wav,angry,0.794872522354126,0.7271682024002075,0.46455007791519165
a_033_1.wav,angry,0.6449779272079468,0.678210973739624,0.19153758883476257
a_034_1.wav,angry,0.632887601852417,0.6494761109352112,0.5075483322143555
a_035_0.wav,angry,0.9535311460494995,0.8986045718193054,0.3311580717563629
a_036_0.wav,angry,0.721418559551239,0.6868866682052612,0.42547860741615295
a_037_0.wav,angry,0.7014132738113403,0.6371588110923767,0.38067492842674255
a_038_1.wav,angry,0.738352358341217,0.7446398735046387,0.3794296383857727
a_039_0.wav,angry,0.696094274520874,0.7183986902236938,0.44324052333831787
a_040_0.wav,angry,0.6266533136367798,0.6350001692771912,0.15999846160411835
a_041_1.wav,angry,0.7824845910072327,0.7123498916625977,0.49216610193252563
a_042_1.wav,angry,0.7823897004127502,0.7596104145050049,0.47833919525146484
a_043_0.wav,angry,0.8136283755302429,0.8111400604248047,0.38654935359954834
a_044_1.wav,angry,0.5475010871887207,0.5568850040435791,0.5092796683311462
a_045_1.wav,angry,0.7084617614746094,0.7000175714492798,0.43673211336135864
a_046_1.wav,angry,0.5585346221923828,0.6156766414642334,0.2986361086368561
a_047_1.wav,angry,0.5522261261940002,0.6125744581222534,0.45693719387054443
a_048_1.wav,angry,0.7192214727401733,0.7074699997901917,0.44027888774871826
a_049_1.wav,angry,0.7841202020645142,0.80515456199646,0.5037902593612671
a_050_1.wav,angry,0.7479841709136963,0.7332878708839417,0.369289755821228
a_051_1.wav,angry,0.7370771169662476,0.7015454769134521,0.3835946321487427
a_052_0.wav,angry,0.5858945846557617,0.6197049617767334,0.5406612157821655
a_053_1.wav,angry,0.7210039496421814,0.7182542085647583,0.233218252658844
a_054_1.wav,angry,0.6551879644393921,0.6509040594100952,0.3825746476650238
a_055_1.wav,angry,0.7453317642211914,0.7286092042922974,0.3032418191432953
a_056_1.wav,angry,0.789831280708313,0.7893308997154236,0.179152250289917
a_057_1.wav,angry,0.7069618701934814,0.6716899275779724,0.3520711064338684
a_058_0.wav,angry,0.6422815918922424,0.668781578540802,0.5322057008743286
a_059_1.wav,angry,0.5677119493484497,0.5997475385665894,0.4666118025779724
a_060_1.wav,angry,0.49024271965026855,0.5019158720970154,0.42400065064430237
a_061_1.wav,angry,0.8350249528884888,0.7750487327575684,0.42503422498703003
a_062_1.wav,angry,0.6912879943847656,0.708419144153595,0.4990535378456116
a_063_1.wav,angry,0.8331801891326904,0.7645101547241211,0.12077201902866364
a_064_0.wav,angry,0.4446066617965698,0.5543103814125061,0.3741964101791382
a_065_1.wav,angry,0.5065208673477173,0.530051589012146,0.45464786887168884
a_066_1.wav,angry,0.5973429679870605,0.6034159064292908,0.4798160195350647
a_067_0.wav,angry,0.6159963011741638,0.6670764684677124,0.36627963185310364
a_068_0.wav,angry,0.49021655321121216,0.5612659454345703,0.6183586120605469
a_069_1.wav,angry,0.3969288468360901,0.4594443738460541,0.5296176671981812
a_070_1.wav,angry,0.6254587173461914,0.5955405235290527,0.45917069911956787
a_071_1.wav,angry,0.7752476334571838,0.7165528535842896,0.546073317527771
a_072_1.wav,angry,0.7021218538284302,0.6959115266799927,0.5787585973739624
a_073_0.wav,angry,0.5863026976585388,0.6430162191390991,0.5670595169067383
a_074_1.wav,angry,0.5018889904022217,0.5374245643615723,0.33989179134368896
a_075_1.wav,angry,0.5039294958114624,0.5622261762619019,0.5590121150016785
a_076_0.wav,angry,0.6234745979309082,0.6547086238861084,0.4294225871562958
a_077_0.wav,angry,0.5170526504516602,0.5842693448066711,0.3671615719795227
a_078_1.wav,angry,0.8044989109039307,0.7532806396484375,0.38022494316101074
a_079_1.wav,angry,0.6873194575309753,0.6566942930221558,0.46924805641174316
a_080_1.wav,angry,0.7266457080841064,0.7240179777145386,0.34552761912345886
a_081_0.wav,angry,0.924644947052002,0.8396072387695312,0.6597483158111572
a_082_0.wav,angry,0.7908232808113098,0.7568576335906982,0.3571126461029053
a_083_0.wav,angry,0.8530687689781189,0.8390495181083679,0.39693814516067505
a_084_0.wav,angry,0.8969646692276001,0.8134995698928833,0.4946593642234802
a_085_1.wav,angry,0.534349799156189,0.5644068717956543,0.536167562007904
a_086_0.wav,angry,0.28008192777633667,0.41996273398399353,0.46412402391433716
a_087_1.wav,angry,0.6215273141860962,0.6355215907096863,0.36225807666778564
a_088_0.wav,angry,0.6137256622314453,0.663810133934021,0.4601624608039856
a_089_0.wav,angry,0.49053293466567993,0.5673754215240479,0.5946457982063293
a_090_0.wav,angry,0.4087907075881958,0.4775450825691223,0.3716990053653717
a_091_0.wav,angry,0.6318795680999756,0.6504800319671631,0.4761098623275757
a_092_1.wav,angry,0.6669806241989136,0.6631385087966919,0.4718097448348999
a_093_0.wav,angry,0.7988266348838806,0.7844762802124023,0.3433067798614502
a_094_0.wav,angry,0.6105153560638428,0.620381772518158,0.29400065541267395
a_095_0.wav,angry,0.5840436220169067,0.5784873962402344,0.5330390930175781
a_096_1.wav,angry,0.8993195295333862,0.8700766563415527,0.2881656885147095
a_097_1.wav,angry,0.7342730760574341,0.725007176399231,0.41474103927612305
a_098_1.wav,angry,0.6877096891403198,0.6913780570030212,0.3293173015117645
a_099_0.wav,angry,0.6243177056312561,0.6412847638130188,0.6210867166519165
a_100_0.wav,angry,0.8215131759643555,0.7608981132507324,0.2754886746406555
a_101_1.wav,angry,0.5471869111061096,0.580862820148468,0.6238093376159668
a_102_1.wav,angry,0.6658034324645996,0.6714693903923035,0.502528727054596
a_103_0.wav,angry,0.7207221984863281,0.7219882607460022,0.6387954354286194
a_104_1.wav,angry,0.5814256072044373,0.6499272584915161,0.718288779258728
a_105_1.wav,angry,0.5527108907699585,0.5702613592147827,0.3879607021808624
a_106_1.wav,angry,0.49961233139038086,0.5552371740341187,0.3741642236709595
a_107_1.wav,angry,0.4576544165611267,0.5039337873458862,0.3507842421531677
a_108_1.wav,angry,0.5192446708679199,0.5456112027168274,0.2791188955307007
a_109_1.wav,angry,0.615874171257019,0.6358788013458252,0.546390950679779
a_110_0.wav,angry,0.8304333686828613,0.7574962377548218,0.515723705291748
a_111_1.wav,angry,0.3833935856819153,0.45177021622657776,0.5106476545333862
a_112_1.wav,angry,0.4775352478027344,0.5654574632644653,0.30007073283195496
a_113_0.wav,angry,0.6804178953170776,0.6672012209892273,0.5910706520080566
a_114_0.wav,angry,0.7017278671264648,0.7023289203643799,0.45181649923324585
a_115_1.wav,angry,0.6096563935279846,0.6576956510543823,0.4350241422653198
a_116_1.wav,angry,0.9026838541030884,0.8032666444778442,0.26929038763046265
a_117_0.wav,angry,0.5161039233207703,0.5653499960899353,0.6290937662124634
a_118_0.wav,angry,0.691702127456665,0.6915757060050964,0.43697497248649597
a_119_0.wav,angry,0.46350711584091187,0.5453462600708008,0.257153183221817
a_120_0.wav,angry,0.6459205150604248,0.6612294912338257,0.494231253862381
a_121_0.wav,angry,0.5808284282684326,0.5752231478691101,0.3765718340873718
a_122_0.wav,angry,0.7716993689537048,0.779727041721344,0.16912391781806946
a_123_0.wav,angry,0.7801649570465088,0.7718266844749451,0.493275910615921
a_124_0.wav,angry,0.4732573330402374,0.5427848696708679,0.49719732999801636
a_125_0.wav,angry,0.8875820636749268,0.8261030912399292,0.32398873567581177
a_126_1.wav,angry,0.7988494038581848,0.7530580759048462,0.27106115221977234
a_127_1.wav,angry,0.7880817651748657,0.7678560018539429,0.23474213480949402
a_128_1.wav,angry,0.5967044234275818,0.6148263812065125,0.4612531065940857
a_129_1.wav,angry,0.7824348211288452,0.7613029479980469,0.34578806161880493
a_130_1.wav,angry,0.7101764678955078,0.6665757894515991,0.5197035670280457
a_131_1.wav,angry,0.37698549032211304,0.4627262353897095,0.4514966905117035
a_132_1.wav,angry,0.6206425428390503,0.5667985677719116,0.3759467899799347
a_133_1.wav,angry,0.565492570400238,0.5334033966064453,0.34894275665283203
a_134_1.wav,angry,0.48369598388671875,0.48526090383529663,0.48935171961784363
a_135_1.wav,angry,0.5287399888038635,0.5628232955932617,0.42200422286987305
a_136_1.wav,angry,0.5315142869949341,0.5519840121269226,0.4161745607852936
a_137_1.wav,angry,0.7220332026481628,0.684775710105896,0.5118399858474731
a_138_1.wav,angry,0.7154887318611145,0.6656211018562317,0.3717925548553467
a_139_1.wav,angry,0.6048974990844727,0.5970008373260498,0.4191243648529053
a_140_1.wav,angry,0.4275222420692444,0.5055958032608032,0.3118751049041748
a_141_0.wav,angry,0.59099280834198,0.6250628232955933,0.6316580772399902
a_142_0.wav,angry,0.7503937482833862,0.6815067529678345,0.536073625087738
a_143_1.wav,angry,0.5546766519546509,0.5894354581832886,0.6038283109664917
a_144_1.wav,angry,0.5150415897369385,0.5552374720573425,0.5646209716796875
a_145_1.wav,angry,0.5977330207824707,0.6048961877822876,0.20764201879501343
a_146_1.wav,angry,0.5067662000656128,0.4876956045627594,0.3809638023376465
a_147_0.wav,angry,0.5885634422302246,0.6227773427963257,0.6389856338500977
a_148_0.wav,angry,0.6021163463592529,0.6353029012680054,0.7323261499404907
a_149_0.wav,angry,0.5701743364334106,0.6024236679077148,0.7428629398345947
a_150_0.wav,angry,0.5600087642669678,0.6015200614929199,0.39152956008911133
a_151_0.wav,angry,0.530134379863739,0.5623831748962402,0.4543827772140503
a_152_1.wav,angry,0.4297071397304535,0.4716759920120239,0.40090662240982056
a_153_1.wav,angry,0.5598564147949219,0.6029671430587769,0.27983903884887695
a_154_1.wav,angry,0.5374202132225037,0.5510748624801636,0.47561007738113403
a_155_1.wav,angry,0.42089754343032837,0.5341403484344482,0.3075108528137207
a_156_1.wav,angry,0.4524005949497223,0.5037788152694702,0.5617774724960327
a_157_0.wav,angry,0.3194027543067932,0.4129960238933563,0.5008702278137207
a_158_0.wav,angry,0.8190145492553711,0.7727713584899902,0.4665968418121338
a_159_0.wav,angry,0.5352806448936462,0.5347546339035034,0.572129487991333
a_160_0.wav,angry,0.6600970029830933,0.6237288117408752,0.6015834212303162
a_161_0.wav,angry,0.7017472386360168,0.6661686897277832,0.46200233697891235
a_162_0.wav,angry,0.43339288234710693,0.5012684464454651,0.27739396691322327
a_163_0.wav,angry,0.5864328145980835,0.5708850026130676,0.4446852207183838
a_164_0.wav,angry,0.4602343440055847,0.5211451053619385,0.11756455898284912
a_165_0.wav,angry,0.5359157919883728,0.5919100046157837,0.24809479713439941
a_166_0.wav,angry,0.6526840925216675,0.6894450187683105,0.4751540720462799
a_167_0.wav,angry,0.5989581942558289,0.5930507779121399,0.46822190284729004
a_168_0.wav,angry,0.4894776940345764,0.5315160155296326,0.3349369764328003
a_169_0.wav,angry,0.3810776472091675,0.4455646276473999,0.3139302134513855
a_170_0.wav,angry,0.4850921034812927,0.5719890594482422,0.4079686999320984
a_171_0.wav,angry,0.5804822444915771,0.5967123508453369,0.6399655938148499
a_172_0.wav,angry,0.5106609463691711,0.5626285076141357,0.28868383169174194
a_173_1.wav,angry,0.6138965487480164,0.6079573631286621,0.43469905853271484
a_174_1.wav,angry,0.7788748741149902,0.7341660261154175,0.38565218448638916
a_175_1.wav,angry,0.5755125880241394,0.5843300819396973,0.5433690547943115
a_176_0.wav,angry,0.5623217821121216,0.5510449409484863,0.5887215733528137
a_177_0.wav,angry,0.6098719835281372,0.5927255749702454,0.5032569169998169
a_178_1.wav,angry,0.7688289880752563,0.7386378049850464,0.2484639286994934
a_179_0.wav,angry,0.6185376644134521,0.6284263134002686,0.48645901679992676
a_180_0.wav,angry,0.6019303798675537,0.6256890296936035,0.4820842444896698
a_181_0.wav,angry,0.6132279634475708,0.6267974376678467,0.49707844853401184
a_182_0.wav,angry,0.39683952927589417,0.4873028099536896,0.3574701249599457
a_183_0.wav,angry,0.4912037253379822,0.5341306924819946,0.36393505334854126
a_184_0.wav,angry,0.5104809999465942,0.5663683414459229,0.5741357803344727
a_185_0.wav,angry,0.5018786191940308,0.5447559356689453,0.6072121858596802
a_186_1.wav,angry,0.46903395652770996,0.49478644132614136,0.4864999055862427
a_187_1.wav,angry,0.7368571758270264,0.7099196910858154,0.48391759395599365
a_188_1.wav,angry,0.48005956411361694,0.5091849565505981,0.40026021003723145
a_189_0.wav,angry,0.3098299205303192,0.4145367741584778,0.47804802656173706
a_190_0.wav,angry,0.5804295539855957,0.5816097855567932,0.39620986580848694
a_191_1.wav,angry,0.5868045091629028,0.6302922368049622,0.387358695268631
a_192_1.wav,angry,0.5520143508911133,0.5574251413345337,0.32604169845581055
a_193_1.wav,angry,0.6796494126319885,0.6633648872375488,0.5465598106384277
a_194_1.wav,angry,0.6778277158737183,0.650638222694397,0.4669978618621826
a_195_1.wav,angry,0.7009260058403015,0.6431617140769958,0.4077029228210449
a_196_0.wav,angry,0.9373276233673096,0.9059177041053772,0.04142255708575249
a_197_0.wav,angry,0.8056600093841553,0.7416079640388489,0.41525256633758545
a_198_0.wav,angry,0.9237773418426514,0.8421008586883545,0.3264080882072449
a_199_1.wav,angry,0.6402331590652466,0.6288431882858276,0.44925379753112793
a_200_0.wav,angry,0.8478524088859558,0.8184522986412048,0.1593172550201416
a_201_1.wav,angry,0.6172823905944824,0.61738121509552,0.11747156083583832
a_202_0.wav,angry,0.9583215713500977,0.8526803255081177,0.32324308156967163
a_203_0.wav,angry,0.6069000363349915,0.5651246905326843,0.516150176525116
a_204_1.wav,angry,0.5890089869499207,0.5961120128631592,0.4561140537261963
a_205_1.wav,angry,0.5665392875671387,0.6179910898208618,0.5227356553077698
a_206_1.wav,angry,0.5756117105484009,0.6431840658187866,0.47204166650772095
a_207_1.wav,angry,0.5492479801177979,0.5826336145401001,0.39721477031707764
a_208_1.wav,angry,0.6824297904968262,0.6986523866653442,0.5547627210617065
a_209_1.wav,angry,0.6903755068778992,0.6697369813919067,0.4979889392852783
a_210_0.wav,angry,0.8626090288162231,0.8199359178543091,0.11082504689693451
a_211_0.wav,angry,0.9738345146179199,0.919199526309967,0.5139331817626953
a_212_0.wav,angry,0.9723927974700928,0.9367895722389221,0.3204836845397949
a_213_0.wav,angry,0.91953045129776,0.8580945730209351,0.2713417112827301
a_214_0.wav,angry,0.8039932250976562,0.7271629571914673,0.5237773656845093
a_215_1.wav,angry,0.9531394243240356,0.9097392559051514,0.09421929717063904
a_216_1.wav,angry,0.8836854696273804,0.8329737186431885,0.6057212352752686
a_217_1.wav,angry,0.933836817741394,0.8674801588058472,0.3383680582046509
a_218_1.wav,angry,0.7891740798950195,0.7827649116516113,0.484033465385437
a_219_0.wav,angry,0.839840292930603,0.8075220584869385,0.23511001467704773
a_220_1.wav,angry,0.8853344917297363,0.8503369092941284,0.5050846934318542
a_221_0.wav,angry,0.7977349758148193,0.7892301082611084,0.6638482809066772
a_222_0.wav,angry,0.9790056943893433,0.8998668789863586,0.32190507650375366
a_223_0.wav,angry,0.8683798313140869,0.7843021750450134,0.4203568696975708
a_224_0.wav,angry,0.9147005677223206,0.8932276368141174,0.32608962059020996
h_001_0.wav,happy,0.7584943771362305,0.7001603245735168,0.45083439350128174
h_002_1.wav,happy,0.8159493803977966,0.7909885048866272,0.8562495708465576
h_003_1.wav,happy,0.7468134164810181,0.6843019127845764,0.625137209892273
h_004_0.wav,happy,0.9106457233428955,0.8752909898757935,0.8171758055686951
h_005_1.wav,happy,0.5683245658874512,0.5809462666511536,0.5708421468734741
h_006_1.wav,happy,0.7118081450462341,0.6631873250007629,0.6889721155166626
h_007_1.wav,happy,0.6600959300994873,0.6552110910415649,0.568235456943512
h_008_1.wav,happy,0.7041656970977783,0.6707115769386292,0.4146134555339813
h_009_1.wav,happy,0.8633472323417664,0.779884934425354,0.809334397315979
h_010_0.wav,happy,0.7817284464836121,0.7431596517562866,0.7415333986282349
h_011_1.wav,happy,0.7439367771148682,0.6520445346832275,0.4232478141784668
h_012_1.wav,happy,0.6929478645324707,0.6009315252304077,0.4141027331352234
h_013_0.wav,happy,0.9040358066558838,0.8232827186584473,0.8114737272262573
h_014_1.wav,happy,0.6951754093170166,0.6850125789642334,0.5615534782409668
h_015_1.wav,happy,0.6691529750823975,0.6344708204269409,0.6206765174865723
h_016_0.wav,happy,0.6870005130767822,0.6603692770004272,0.7864437103271484
h_017_0.wav,happy,0.8301883935928345,0.7709237337112427,0.7716357111930847
h_018_1.wav,happy,0.691682755947113,0.6217778921127319,0.4115681052207947
h_019_1.wav,happy,0.7782023549079895,0.716971755027771,0.7935034036636353
h_020_1.wav,happy,0.6649154424667358,0.6373639106750488,0.4691266715526581
h_021_1.wav,happy,0.6912412047386169,0.7222417593002319,0.72721266746521
h_022_0.wav,happy,0.6733114719390869,0.6699337959289551,0.8690266609191895
h_023_1.wav,happy,0.7166337966918945,0.6896591782569885,0.8259965181350708
h_024_1.wav,happy,0.58432936668396,0.5464311242103577,0.4645177125930786
h_025_1.wav,happy,0.6743200421333313,0.681411862373352,0.48203372955322266
h_026_1.wav,happy,0.6848336458206177,0.6910871267318726,0.49152708053588867
h_027_1.wav,happy,0.582879900932312,0.5422021150588989,0.6378101110458374
h_028_1.wav,happy,0.8642312288284302,0.752763032913208,0.4309629201889038
h_029_1.wav,happy,0.5556549429893494,0.5331844091415405,0.5528571605682373
h_030_1.wav,happy,0.7870076298713684,0.7064229249954224,0.49461740255355835
h_031_1.wav,happy,0.611825704574585,0.5604562163352966,0.5501209497451782
h_032_0.wav,happy,0.7109485268592834,0.7023805379867554,0.681226372718811
h_033_1.wav,happy,0.5367920398712158,0.5567734241485596,0.7085795402526855
h_034_1.wav,happy,0.7421295046806335,0.671592116355896,0.4644525349140167
h_035_1.wav,happy,0.7293268442153931,0.6676007509231567,0.6703695058822632
h_036_1.wav,happy,0.5539059638977051,0.5664278864860535,0.597419261932373
h_037_0.wav,happy,0.5822172164916992,0.6085522174835205,0.6443297863006592
h_038_0.wav,happy,0.6204056739807129,0.6135157346725464,0.6871403455734253
h_039_1.wav,happy,0.5609399676322937,0.5762665867805481,0.4296761155128479
h_040_1.wav,happy,0.40545833110809326,0.46856749057769775,0.4973295331001282
h_041_0.wav,happy,0.6806890964508057,0.7075110673904419,0.7825014591217041
h_042_0.wav,happy,0.5153631567955017,0.5481186509132385,0.49887052178382874
h_043_0.wav,happy,0.8759850263595581,0.7885575890541077,0.6690192222595215
h_044_0.wav,happy,0.5794562697410583,0.5651363134384155,0.5730528235435486
h_045_0.wav,happy,0.7428182363510132,0.7010804414749146,0.3460071086883545
h_046_0.wav,happy,0.9368350505828857,0.8787079453468323,0.9195952415466309
h_047_0.wav,happy,0.8105002641677856,0.7515479922294617,0.811958909034729
h_048_0.wav,happy,0.8250482678413391,0.7878272533416748,0.68264240026474
h_049_0.wav,happy,0.7037979364395142,0.6939103603363037,0.4579992890357971
h_050_0.wav,happy,0.8651093244552612,0.7849253416061401,0.8079040050506592
h_051_0.wav,happy,0.7488647699356079,0.6914970874786377,0.5932100415229797
h_052_1.wav,happy,0.5918954014778137,0.5753155946731567,0.39445406198501587
h_053_0.wav,happy,0.7393568754196167,0.6730303764343262,0.5769375562667847
h_054_1.wav,happy,0.8018265962600708,0.7523443698883057,0.7485297918319702
h_055_0.wav,happy,0.8601837158203125,0.7734101414680481,0.5560753345489502
h_056_1.wav,happy,0.5203198790550232,0.5026045441627502,0.49120885133743286
h_057_0.wav,happy,0.7385790348052979,0.7302658557891846,0.7466326951980591
h_058_1.wav,happy,0.6793460845947266,0.6405017375946045,0.6186758279800415
h_059_1.wav,happy,0.547371506690979,0.5436079502105713,0.4808231592178345
h_060_1.wav,happy,0.3797800838947296,0.41974973678588867,0.46163785457611084
h_061_1.wav,happy,0.4705134630203247,0.5038140416145325,0.4572780728340149
h_062_1.wav,happy,0.679451584815979,0.663413941860199,0.5968397855758667
h_063_1.wav,happy,0.7031518220901489,0.6346913576126099,0.6936689615249634
h_064_0.wav,happy,0.8081932067871094,0.7697836756706238,0.7235645055770874
h_065_1.wav,happy,0.8717823028564453,0.8167822360992432,0.9112627506256104
h_066_0.wav,happy,0.8887739777565002,0.850924551486969,0.6664327383041382
h_067_0.wav,happy,0.852868914604187,0.8007059097290039,0.7691974639892578
h_068_0.wav,happy,0.8180686831474304,0.7237550020217896,0.8338881731033325
h_069_1.wav,happy,0.7655925750732422,0.7100152373313904,0.6877326965332031
h_070_0.wav,happy,0.39479485154151917,0.3642160892486572,0.3781891465187073
h_071_1.wav,happy,0.8024550080299377,0.7922079563140869,0.6888154745101929
h_072_0.wav,happy,0.7062236666679382,0.6975711584091187,0.732769250869751
h_073_1.wav,happy,0.48956698179244995,0.5131750702857971,0.43404901027679443
h_074_1.wav,happy,0.6497423648834229,0.6299214363098145,0.742928147315979
h_075_1.wav,happy,0.44816675782203674,0.5590564608573914,0.3054671287536621
h_076_1.wav,happy,0.7325975894927979,0.7180164456367493,0.6833516359329224
h_077_1.wav,happy,0.7109094262123108,0.6697077751159668,0.671821117401123
h_078_1.wav,happy,0.6980378031730652,0.6548085808753967,0.7855132818222046
h_079_0.wav,happy,0.621810793876648,0.6142517328262329,0.8726341724395752
h_080_1.wav,happy,0.6533693075180054,0.6280945539474487,0.3520415723323822
h_081_1.wav,happy,0.9032010436058044,0.8372142910957336,0.7972464561462402
h_082_1.wav,happy,0.6671478152275085,0.6452401876449585,0.7509387731552124
h_083_0.wav,happy,0.5396961569786072,0.587454080581665,0.5303921103477478
h_084_1.wav,happy,0.7948960661888123,0.7466775178909302,0.9239358901977539
h_085_0.wav,happy,0.48345378041267395,0.5529522895812988,0.7108390927314758
h_086_0.wav,happy,0.5563184022903442,0.6030636429786682,0.6795057058334351
h_087_0.wav,happy,0.4413803815841675,0.5305243730545044,0.2926822304725647
h_088_0.wav,happy,0.5909504890441895,0.6180119514465332,0.5617155432701111
h_089_0.wav,happy,0.599955677986145,0.6065908670425415,0.5499279499053955
h_090_1.wav,happy,0.6613562107086182,0.6208343505859375,0.6784553527832031
h_091_1.wav,happy,0.673011302947998,0.6295902132987976,0.626598596572876
h_092_0.wav,happy,0.5367189645767212,0.5985475182533264,0.385206937789917
h_093_0.wav,happy,0.24689249694347382,0.34326016902923584,0.46857351064682007
h_094_0.wav,happy,0.5314083099365234,0.5176942348480225,0.680679976940155
h_095_1.wav,happy,0.48203179240226746,0.4990940988063812,0.4307376742362976
h_096_1.wav,happy,0.48356008529663086,0.5165546536445618,0.36769479513168335
h_097_0.wav,happy,0.4553176760673523,0.4747425317764282,0.5719482898712158
h_098_1.wav,happy,0.6189380884170532,0.5627545714378357,0.5090486407279968
h_099_0.wav,happy,0.7269265651702881,0.6933347582817078,0.6626942157745361
h_100_0.wav,happy,0.6937717795372009,0.6220412254333496,0.37800416350364685
h_101_1.wav,happy,0.6537125110626221,0.5600987672805786,0.48397383093833923
h_102_0.wav,happy,0.5646054148674011,0.5655475854873657,0.647445559501648
h_103_0.wav,happy,0.44944310188293457,0.508945107460022,0.5212839841842651
h_104_1.wav,happy,0.4184829592704773,0.3703017830848694,0.6701221466064453
h_105_1.wav,happy,0.7459608316421509,0.6468703150749207,0.4495738744735718
h_106_0.wav,happy,0.698196291923523,0.6032364368438721,0.42486345767974854
h_107_0.wav,happy,0.708730936050415,0.6811001896858215,0.7768754959106445
h_108_1.wav,happy,0.7206090688705444,0.652712345123291,0.5998914837837219
h_109_1.wav,happy,0.345770925283432,0.3934726119041443,0.27408289909362793
h_110_0.wav,happy,0.9216876029968262,0.8737795948982239,0.7673139572143555
h_111_0.wav,happy,0.6554182767868042,0.6474943161010742,0.3435192108154297
h_112_0.wav,happy,0.13481608033180237,0.22212253510951996,0.40828511118888855
h_113_0.wav,happy,0.5882676839828491,0.5175578594207764,0.6532412767410278
h_114_0.wav,happy,0.8675063848495483,0.777269721031189,0.5778529644012451
h_115_1.wav,happy,0.40266844630241394,0.4017234742641449,0.38064372539520264
h_116_1.wav,happy,0.5564848184585571,0.5210443735122681,0.4573356509208679
h_117_1.wav,happy,0.42619961500167847,0.46238917112350464,0.408214807510376
h_118_0.wav,happy,0.37149578332901,0.43657004833221436,0.5719091892242432
h_119_1.wav,happy,0.5147548913955688,0.4846815764904022,0.41320669651031494
h_120_1.wav,happy,0.646454393863678,0.6245169043540955,0.6062873601913452
h_121_1.wav,happy,0.6780276298522949,0.6037451028823853,0.6697872877120972
h_122_1.wav,happy,0.6625831127166748,0.577480137348175,0.6658304929733276
h_123_1.wav,happy,0.5706287026405334,0.5137618780136108,0.4893379509449005
h_124_1.wav,happy,0.6175597906112671,0.5606515407562256,0.8073474764823914
h_125_1.wav,happy,0.6031641960144043,0.5717119574546814,0.4392217993736267
h_126_0.wav,happy,0.3212759792804718,0.3805749714374542,0.5460048317909241
h_127_1.wav,happy,0.4829502999782562,0.397396445274353,0.23799297213554382
h_128_0.wav,happy,0.6997864246368408,0.6371345520019531,0.57159423828125
h_129_0.wav,happy,0.7253018617630005,0.7344821691513062,0.5724318027496338
h_130_1.wav,happy,0.7530616521835327,0.695884644985199,0.7199780344963074
h_131_1.wav,happy,0.8540496230125427,0.766964852809906,0.8715240955352783
h_132_0.wav,happy,0.6163127422332764,0.5939913988113403,0.6225460767745972
h_133_1.wav,happy,0.676297128200531,0.6657755374908447,0.37039467692375183
h_134_1.wav,happy,0.6895431280136108,0.6488577723503113,0.771119236946106
h_135_0.wav,happy,0.7708335518836975,0.7392507791519165,0.8031062483787537
h_136_1.wav,happy,0.7920446395874023,0.7499850988388062,0.8649502992630005
h_137_1.wav,happy,0.7217358350753784,0.6701251268386841,0.7183772325515747
h_138_1.wav,happy,0.734758734703064,0.6912698745727539,0.821304202079773
h_139_1.wav,happy,0.7477799654006958,0.7019831538200378,0.7514735460281372
h_140_1.wav,happy,0.6126723885536194,0.5973875522613525,0.24624165892601013
h_141_1.wav,happy,0.6470417976379395,0.6207807064056396,0.4984874725341797
h_142_1.wav,happy,0.6886773109436035,0.6704102754592896,0.6119048595428467
h_143_1.wav,happy,0.798125684261322,0.724398672580719,0.8739266395568848
h_144_1.wav,happy,0.9259209632873535,0.8731763362884521,0.9918167591094971
h_145_1.wav,happy,0.5909838676452637,0.5875817537307739,0.704761266708374
h_146_1.wav,happy,0.6575294137001038,0.6608355641365051,0.7907552719116211
h_147_1.wav,happy,0.7341058254241943,0.7046600580215454,0.7876684665679932
h_148_1.wav,happy,0.7271721959114075,0.6750279664993286,0.7011504769325256
h_149_1.wav,happy,0.7495700716972351,0.6885764598846436,0.7129374742507935
h_150_1.wav,happy,0.9896883964538574,0.8951928019523621,0.7443634867668152
h_151_1.wav,happy,0.6324901580810547,0.5991551280021667,0.6403861045837402
h_152_1.wav,happy,0.707827091217041,0.6872614622116089,0.8327438831329346
h_153_1.wav,happy,0.6174213886260986,0.603029727935791,0.5769051909446716
h_154_1.wav,happy,0.4715123772621155,0.46811091899871826,0.4751724302768707
h_155_1.wav,happy,0.7063337564468384,0.6410398483276367,0.5927302837371826
h_156_1.wav,happy,0.7883801460266113,0.7034133076667786,0.7146992683410645
h_157_1.wav,happy,0.6679701805114746,0.6311222314834595,0.7928375005722046
h_158_1.wav,happy,0.6671397686004639,0.6061451435089111,0.49191051721572876
h_159_0.wav,happy,0.7705171704292297,0.7333904504776001,0.8699641823768616
h_160_1.wav,happy,0.7471108436584473,0.7077783346176147,0.4768204092979431
h_161_1.wav,happy,0.8330016732215881,0.7143604755401611,0.5235812664031982
h_162_1.wav,happy,0.8655245900154114,0.7250047922134399,0.5298899412155151
h_163_1.wav,happy,0.803497850894928,0.7109188437461853,0.4087578058242798
h_164_1.wav,happy,0.7425826787948608,0.670904815196991,0.4683811664581299
h_165_1.wav,happy,0.6420738697052002,0.6115256547927856,0.48375844955444336
h_166_1.wav,happy,0.8388499021530151,0.8417537212371826,0.5614463090896606
h_167_1.wav,happy,0.8933130502700806,0.8104300498962402,0.586873471736908
h_168_1.wav,happy,0.8221467733383179,0.7573858499526978,0.629397451877594
h_169_0.wav,happy,0.7938646078109741,0.6889311671257019,0.6873748302459717
h_170_1.wav,happy,0.7806271910667419,0.6979570388793945,0.5474181175231934
h_171_1.wav,happy,0.7841301560401917,0.7497884035110474,0.6994315385818481
h_172_1.wav,happy,0.5876163840293884,0.5879459381103516,0.388217568397522
h_173_1.wav,happy,0.6679968237876892,0.6616301536560059,0.5145021677017212
h_174_1.wav,happy,0.8433221578598022,0.7547963261604309,0.6244469881057739
h_175_0.wav,happy,0.8031365275382996,0.7572512030601501,0.7070101499557495
h_176_0.wav,happy,0.8450586795806885,0.7897465229034424,0.7878925800323486
h_177_0.wav,happy,0.9866089820861816,0.9028065204620361,0.38973644375801086
h_178_1.wav,happy,0.6830184459686279,0.6990983486175537,0.8049944043159485
h_179_1.wav,happy,0.7531245946884155,0.7108279466629028,0.6898021697998047
h_180_1.wav,happy,0.8430162668228149,0.7934989929199219,0.4602086544036865
h_181_0.wav,happy,0.8797167539596558,0.8457944393157959,0.5983852744102478
h_182_1.wav,happy,0.6638617515563965,0.7008722424507141,0.328827440738678
h_183_1.wav,happy,0.8579738140106201,0.7385709285736084,0.8655951619148254
h_184_1.wav,happy,0.6669737696647644,0.6606932878494263,0.8110831379890442
h_185_1.wav,happy,0.8371772170066833,0.7536253929138184,0.31710129976272583
h_186_1.wav,happy,0.6270110011100769,0.6525701284408569,0.18185143172740936
h_187_1.wav,happy,0.9051154851913452,0.8085118532180786,0.24786284565925598
h_188_1.wav,happy,0.8603776693344116,0.759016752243042,0.3555861711502075
h_189_1.wav,happy,0.6951478123664856,0.6142111420631409,0.4601147770881653
h_190_1.wav,happy,0.8319600820541382,0.7452824115753174,0.3924943208694458
h_191_1.wav,happy,0.8156393766403198,0.7276208400726318,0.48623913526535034
h_192_1.wav,happy,0.7401049733161926,0.672091543674469,0.5447229146957397
h_193_1.wav,happy,0.7538237571716309,0.7135469913482666,0.6275994777679443
h_194_1.wav,happy,0.5527987480163574,0.5252910852432251,0.23785534501075745
h_195_1.wav,happy,0.5897384881973267,0.5935373306274414,0.35581666231155396
h_196_1.wav,happy,0.6179050207138062,0.589452862739563,0.3465381860733032
h_197_1.wav,happy,0.6676002740859985,0.6740790605545044,0.5573311448097229
h_198_1.wav,happy,0.7617071866989136,0.7582656145095825,0.3218567371368408
h_199_1.wav,happy,0.5610832571983337,0.509692907333374,0.29206809401512146
h_200_1.wav,happy,0.6183472275733948,0.6134281754493713,0.6053124070167542
h_201_0.wav,happy,0.772354245185852,0.7124645113945007,0.7754645347595215
h_202_1.wav,happy,0.841013491153717,0.7898052930831909,0.5588710308074951
h_203_1.wav,happy,0.6618300080299377,0.6388418674468994,0.4315531253814697
h_204_1.wav,happy,0.6911593675613403,0.6175994873046875,0.5862686634063721
h_205_1.wav,happy,0.6374963521957397,0.6500183343887329,0.679771900177002
h_206_1.wav,happy,0.7958699464797974,0.7264488935470581,0.7392884492874146
h_207_1.wav,happy,0.575440526008606,0.5596506595611572,0.40777456760406494
h_208_1.wav,happy,0.7913510799407959,0.6906842589378357,0.6509706974029541
h_209_1.wav,happy,0.8270106315612793,0.7505518794059753,0.7122484445571899
h_210_1.wav,happy,0.7645137310028076,0.6953915357589722,0.4871100187301636
h_211_1.wav,happy,0.7559391856193542,0.6948953866958618,0.6009241342544556
h_212_1.wav,happy,0.7305341958999634,0.6839815974235535,0.7136732339859009
h_213_1.wav,happy,0.7305341958999634,0.6839815974235535,0.7136732339859009
h_214_1.wav,happy,0.5153334140777588,0.5493742227554321,0.7187504768371582
h_215_1.wav,happy,0.7734553813934326,0.7631992101669312,0.7150652408599854
h_216_1.wav,happy,0.7514647841453552,0.7542811632156372,0.46885234117507935
h_217_1.wav,happy,0.733371376991272,0.7024677395820618,0.6916425228118896
h_218_1.wav,happy,0.6866645216941833,0.7008334398269653,0.5944252014160156
h_219_1.wav,happy,0.7887956500053406,0.7478625774383545,0.8678967952728271
h_220_1.wav,happy,0.26906782388687134,0.29408717155456543,0.33645570278167725
h_221_1.wav,happy,0.42413148283958435,0.47624337673187256,0.2547496557235718
h_222_1.wav,happy,0.6569139957427979,0.6357460618019104,0.7387510538101196
h_223_1.wav,happy,0.6675160527229309,0.6546070575714111,0.5030125379562378
h_224_1.wav,happy,0.7042371034622192,0.6616350412368774,0.5423833727836609
h_225_1.wav,happy,0.8055228590965271,0.7360120415687561,0.6425009965896606
h_226_1.wav,happy,0.8415727019309998,0.7548890113830566,0.31119170784950256
h_227_1.wav,happy,0.632127046585083,0.6415543556213379,0.7227053642272949
h_228_1.wav,happy,0.6109717488288879,0.6121945381164551,0.6815098524093628
h_229_1.wav,happy,0.5931674242019653,0.5088123083114624,0.521005392074585
h_230_1.wav,happy,0.5614279508590698,0.5692260265350342,0.6352587938308716
n_001_0.wav,neutral,0.3525124788284302,0.42597872018814087,0.39106065034866333
n_002_0.wav,neutral,0.3888342082500458,0.46457141637802124,0.6194713115692139
n_003_0.wav,neutral,0.5085384845733643,0.5353337526321411,0.5762555003166199
n_004_0.wav,neutral,0.6452523469924927,0.6523445844650269,0.3156767189502716
n_005_1.wav,neutral,0.5161084532737732,0.5728471279144287,0.5173397064208984
n_006_1.wav,neutral,0.5944671630859375,0.5836648941040039,0.5229650735855103
n_007_1.wav,neutral,0.3853228688240051,0.41209208965301514,0.4496600031852722
n_008_1.wav,neutral,0.50877845287323,0.5643154382705688,0.6896957159042358
n_009_1.wav,neutral,0.4258880019187927,0.47811341285705566,0.473849892616272
n_010_1.wav,neutral,0.47002995014190674,0.517444908618927,0.3185610771179199
n_011_0.wav,neutral,0.4250611662864685,0.4857315421104431,0.3775588274002075
n_012_1.wav,neutral,0.6169403791427612,0.6276340484619141,0.4173082709312439
n_013_0.wav,neutral,0.4562540054321289,0.5297077298164368,0.6045465469360352
n_014_0.wav,neutral,0.2206791639328003,0.37124454975128174,0.26014554500579834
n_015_0.wav,neutral,0.358437716960907,0.44524842500686646,0.3490225076675415
n_016_0.wav,neutral,0.4808068871498108,0.5501508712768555,0.405007004737854
n_017_0.wav,neutral,0.4252821207046509,0.545769453048706,0.6161524057388306
n_018_0.wav,neutral,0.4636484980583191,0.5496945381164551,0.5156313180923462
n_019_0.wav,neutral,0.45593568682670593,0.5168688297271729,0.4743502736091614
n_020_0.wav,neutral,0.36896371841430664,0.48920613527297974,0.5548664927482605
n_021_0.wav,neutral,0.30281201004981995,0.4242249131202698,0.5118510127067566
n_022_0.wav,neutral,0.3612353205680847,0.4705367684364319,0.5073435306549072
n_023_0.wav,neutral,0.3605276346206665,0.473968505859375,0.5199710130691528
n_024_0.wav,neutral,0.3639037311077118,0.4959872364997864,0.35594338178634644
n_025_1.wav,neutral,0.3923022449016571,0.4464150667190552,0.5433350801467896
n_026_0.wav,neutral,0.37975528836250305,0.4689871072769165,0.5523427724838257
n_027_0.wav,neutral,0.49939316511154175,0.5769780874252319,0.5389968156814575
n_028_0.wav,neutral,0.2482953518629074,0.3663542568683624,0.35627835988998413
n_029_0.wav,neutral,0.3244170546531677,0.4215694069862366,0.3794010281562805
n_030_0.wav,neutral,0.42660200595855713,0.4882783889770508,0.620976448059082
n_031_1.wav,neutral,0.36180606484413147,0.43184685707092285,0.4133940041065216
n_032_0.wav,neutral,0.4210258722305298,0.49201130867004395,0.4303717017173767
n_033_0.wav,neutral,0.38939252495765686,0.4734637141227722,0.39982372522354126
n_034_1.wav,neutral,0.432782381772995,0.49590399861335754,0.5652390718460083
n_035_1.wav,neutral,0.45172497630119324,0.5482484698295593,0.5033845901489258
n_036_0.wav,neutral,0.5877189040184021,0.5931779146194458,0.4722473621368408
n_037_0.wav,neutral,0.499628484249115,0.5971364974975586,0.6904948949813843
n_038_0.wav,neutral,0.5012306571006775,0.5759141445159912,0.5780495405197144
n_039_0.wav,neutral,0.7240091562271118,0.7027718424797058,0.5218945741653442
n_040_1.wav,neutral,0.5666828155517578,0.5816515684127808,0.35868704319000244
n_041_0.wav,neutral,0.4545532763004303,0.5562173128128052,0.39480146765708923
n_042_0.wav,neutral,0.3551388680934906,0.5087490081787109,0.45407402515411377
n_043_1.wav,neutral,0.4819900691509247,0.5006917715072632,0.45523524284362793
n_044_0.wav,neutral,0.4263528287410736,0.514293909072876,0.5571904182434082
n_045_0.wav,neutral,0.7702878713607788,0.7628612518310547,0.6875969171524048
n_046_1.wav,neutral,0.401082307100296,0.4830358624458313,0.5381598472595215
n_047_1.wav,neutral,0.5476319193840027,0.5471643805503845,0.5794943571090698
n_048_1.wav,neutral,0.5332316756248474,0.5518070459365845,0.5846011638641357
n_049_0.wav,neutral,0.5748215913772583,0.6136988401412964,0.596636950969696
n_050_0.wav,neutral,0.6315301060676575,0.656456708908081,0.4742412567138672
n_051_0.wav,neutral,0.4544925093650818,0.5753549933433533,0.3708726763725281
n_052_0.wav,neutral,0.580819308757782,0.6226941347122192,0.7518841028213501
n_053_0.wav,neutral,0.5005933046340942,0.5590215921401978,0.3816509246826172
n_054_0.wav,neutral,0.472041517496109,0.5174268484115601,0.44859451055526733
n_055_0.wav,neutral,0.25636613368988037,0.36927902698516846,0.3660717010498047
n_056_0.wav,neutral,0.4031359851360321,0.46062275767326355,0.3754631578922272
n_057_0.wav,neutral,0.39563775062561035,0.4560863971710205,0.5171639919281006
n_058_1.wav,neutral,0.512200117111206,0.5191009640693665,0.44689270853996277
n_059_1.wav,neutral,0.46431031823158264,0.5030354857444763,0.3992433249950409
n_060_1.wav,neutral,0.45780473947525024,0.49682971835136414,0.36045974493026733
n_061_1.wav,neutral,0.3932918906211853,0.40024906396865845,0.4260915517807007
n_062_1.wav,neutral,0.46631288528442383,0.4870140254497528,0.5259050130844116
n_063_1.wav,neutral,0.43341493606567383,0.4571503698825836,0.527060866355896
n_064_1.wav,neutral,0.7248475551605225,0.6788225769996643,0.40491873025894165
n_065_1.wav,neutral,0.4740158021450043,0.4875924587249756,0.48454970121383667
n_066_0.wav,neutral,0.5275681018829346,0.5265370607376099,0.4183961749076843
n_067_0.wav,neutral,0.23776012659072876,0.3414813280105591,0.5228432416915894
n_068_0.wav,neutral,0.3502979874610901,0.41791170835494995,0.5952296853065491
n_069_0.wav,neutral,0.3962559998035431,0.4397662281990051,0.6518052816390991
n_070_1.wav,neutral,0.4238395094871521,0.48343634605407715,0.47848421335220337
n_071_1.wav,neutral,0.47923219203948975,0.5306996703147888,0.2956508994102478
n_072_1.wav,neutral,0.4261074662208557,0.5052996873855591,0.4071294069290161
n_073_1.wav,neutral,0.5112400650978088,0.5651348829269409,0.7725768089294434
n_074_1.wav,neutral,0.38635551929473877,0.44503253698349,0.4788691997528076
n_075_1.wav,neutral,0.48408567905426025,0.5297136306762695,0.44488582015037537
n_076_1.wav,neutral,0.357712984085083,0.38872480392456055,0.49364858865737915
n_077_1.wav,neutral,0.34980499744415283,0.4068516492843628,0.6283365488052368
n_078_0.wav,neutral,0.2837181091308594,0.3678528666496277,0.5106387138366699
n_079_0.wav,neutral,0.2392590343952179,0.3521609902381897,0.41985172033309937
n_080_0.wav,neutral,0.42669034004211426,0.4881840646266937,0.39925795793533325
n_081_0.wav,neutral,0.6065536141395569,0.5856611728668213,0.5444096326828003
n_082_0.wav,neutral,0.4342421591281891,0.5206960439682007,0.376503586769104
n_083_1.wav,neutral,0.42136162519454956,0.5064380168914795,0.3745150566101074
n_084_1.wav,neutral,0.49840012192726135,0.5310331583023071,0.6146254539489746
n_085_1.wav,neutral,0.4521561563014984,0.48056095838546753,0.5429035425186157
n_086_1.wav,neutral,0.46143004298210144,0.5260894298553467,0.17405655980110168
n_087_0.wav,neutral,0.5438492298126221,0.5839555263519287,0.43374747037887573
n_088_0.wav,neutral,0.4350847899913788,0.4913301467895508,0.40666836500167847
n_089_0.wav,neutral,0.32996922731399536,0.38202399015426636,0.4309496581554413
n_090_0.wav,neutral,0.6138589382171631,0.672441840171814,0.20807820558547974
n_091_0.wav,neutral,0.4968082010746002,0.5501301884651184,0.6829016208648682
n_092_0.wav,neutral,0.44092482328414917,0.5337729454040527,0.6017167568206787
n_093_0.wav,neutral,0.480246365070343,0.5243061780929565,0.6068896055221558
n_094_0.wav,neutral,0.508795976638794,0.5672324299812317,0.5770848989486694
n_095_0.wav,neutral,0.4511871635913849,0.49681556224823,0.48709022998809814
n_096_0.wav,neutral,0.3904857039451599,0.47014182806015015,0.590361475944519
n_097_0.wav,neutral,0.432199090719223,0.5008574724197388,0.4424811601638794
n_098_0.wav,neutral,0.4675913453102112,0.5190544128417969,0.43762344121932983
n_099_0.wav,neutral,0.5127032995223999,0.5258627533912659,0.38442033529281616
n_100_0.wav,neutral,0.49569499492645264,0.48972368240356445,0.49241411685943604
n_101_0.wav,neutral,0.4672653079032898,0.49034368991851807,0.6027687191963196
n_102_0.wav,neutral,0.5076698064804077,0.5386597514152527,0.6493263244628906
n_103_1.wav,neutral,0.4837285578250885,0.5008240938186646,0.474023699760437
n_104_1.wav,neutral,0.5347086191177368,0.5607203245162964,0.49535128474235535
n_105_1.wav,neutral,0.6670709848403931,0.6462507247924805,0.5634257793426514
n_106_1.wav,neutral,0.3840935230255127,0.44606417417526245,0.6783521175384521
n_107_0.wav,neutral,0.48165637254714966,0.5132404565811157,0.4775017499923706
n_108_0.wav,neutral,0.4828691780567169,0.5057175159454346,0.6535879373550415
n_109_0.wav,neutral,0.5402326583862305,0.5233266353607178,0.6511332988739014
n_110_0.wav,neutral,0.4039762020111084,0.4577251076698303,0.4440830945968628
n_111_0.wav,neutral,0.3676285445690155,0.41324788331985474,0.43864840269088745
n_112_0.wav,neutral,0.4875698685646057,0.5115658044815063,0.4745906591415405
n_113_0.wav,neutral,0.5149533748626709,0.5331528186798096,0.5110800266265869
n_114_0.wav,neutral,0.5733769536018372,0.5715427398681641,0.6406108140945435
n_115_0.wav,neutral,0.590282678604126,0.5899118185043335,0.4396890699863434
n_116_0.wav,neutral,0.34161990880966187,0.41496288776397705,0.5254073143005371
n_117_0.wav,neutral,0.5859736800193787,0.5976213812828064,0.5457756519317627
n_118_0.wav,neutral,0.34544265270233154,0.4346850514411926,0.4620296359062195
n_119_0.wav,neutral,0.43439823389053345,0.49670037627220154,0.408679723739624
n_120_0.wav,neutral,0.3464692234992981,0.43529078364372253,0.5936670303344727
n_121_0.wav,neutral,0.46293753385543823,0.5029435157775879,0.4444112479686737
n_122_0.wav,neutral,0.3308568596839905,0.3957453966140747,0.41597503423690796
n_123_0.wav,neutral,0.5057327747344971,0.5018248558044434,0.5738439559936523
n_124_0.wav,neutral,0.4381839632987976,0.46190106868743896,0.41473355889320374
n_125_1.wav,neutral,0.4781596064567566,0.5261706113815308,0.47294095158576965
n_126_1.wav,neutral,0.49694591760635376,0.4996999204158783,0.4554714858531952
n_127_0.wav,neutral,0.5509076118469238,0.5998893976211548,0.4703367352485657
n_128_0.wav,neutral,0.5671019554138184,0.5878491401672363,0.5818641185760498
n_129_0.wav,neutral,0.434967041015625,0.4985213875770569,0.38891738653182983
n_130_1.wav,neutral,0.7389447093009949,0.6803301572799683,0.41153740882873535
n_131_1.wav,neutral,0.6448038220405579,0.6126893758773804,0.452079176902771
n_132_0.wav,neutral,0.5100622177124023,0.5365715026855469,0.5991979837417603
n_133_0.wav,neutral,0.6155152320861816,0.596909761428833,0.37892305850982666
n_134_0.wav,neutral,0.6745826601982117,0.6712384223937988,0.555678129196167
n_135_1.wav,neutral,0.5875158309936523,0.5914090871810913,0.535395622253418
n_136_1.wav,neutral,0.4644736051559448,0.5365840196609497,0.5040665864944458
n_137_1.wav,neutral,0.5298818349838257,0.5250154733657837,0.519114077091217
n_138_0.wav,neutral,0.5419806241989136,0.55007004737854,0.47153279185295105
n_139_1.wav,neutral,0.6750787496566772,0.6773980855941772,0.3850316107273102
n_140_1.wav,neutral,0.7191391587257385,0.6998783946037292,0.2692139744758606
n_141_1.wav,neutral,0.6212928295135498,0.6427238583564758,0.4461643695831299
n_142_0.wav,neutral,0.3678761124610901,0.4485732316970825,0.5399048328399658
n_143_0.wav,neutral,0.53592848777771,0.5629478693008423,0.5607131719589233
n_144_1.wav,neutral,0.45574530959129333,0.5252145528793335,0.6298141479492188
n_145_1.wav,neutral,0.6250803470611572,0.612610399723053,0.47389161586761475
n_146_1.wav,neutral,0.4543740749359131,0.5145356059074402,0.5246573686599731
n_147_1.wav,neutral,0.49217790365219116,0.5236423015594482,0.4753764867782593
n_148_1.wav,neutral,0.8859971165657043,0.8126375675201416,0.34621331095695496
n_149_1.wav,neutral,0.7583330869674683,0.7413334250450134,0.4460951089859009
n_150_1.wav,neutral,0.36120718717575073,0.43776994943618774,0.4410964846611023
n_151_1.wav,neutral,0.34798765182495117,0.4549488425254822,0.26079633831977844
n_152_1.wav,neutral,0.5707546472549438,0.6189067959785461,0.42003387212753296
n_153_1.wav,neutral,0.5638046264648438,0.5899052023887634,0.4359891712665558
n_154_1.wav,neutral,0.4541119933128357,0.49945732951164246,0.4543592929840088
n_155_1.wav,neutral,0.4874265193939209,0.5408032536506653,0.3748675584793091
n_156_1.wav,neutral,0.5813259482383728,0.5846627950668335,0.23348212242126465
n_157_0.wav,neutral,0.5464048385620117,0.5738955736160278,0.6207512617111206
n_158_0.wav,neutral,0.5829025506973267,0.6115224957466125,0.6164804697036743
n_159_1.wav,neutral,0.658370316028595,0.6974669694900513,0.4452514052391052
n_160_1.wav,neutral,0.5583422183990479,0.6066300868988037,0.4235471487045288
n_161_1.wav,neutral,0.525001049041748,0.5452122688293457,0.47804635763168335
n_162_0.wav,neutral,0.5840305089950562,0.6022869348526001,0.42708730697631836
n_163_0.wav,neutral,0.5431950092315674,0.5966424345970154,0.3666459321975708
n_164_1.wav,neutral,0.624771237373352,0.6266424059867859,0.5560768842697144
n_165_1.wav,neutral,0.6739262342453003,0.6505643725395203,0.6081423759460449
n_166_0.wav,neutral,0.5425394177436829,0.5061098337173462,0.6345359086990356
n_167_1.wav,neutral,0.4916200041770935,0.540961503982544,0.5013321042060852
n_168_1.wav,neutral,0.5205308198928833,0.556743860244751,0.5933545827865601
n_169_1.wav,neutral,0.5681034326553345,0.5823150873184204,0.38067394495010376
n_170_1.wav,neutral,0.506911039352417,0.5344682335853577,0.5209100246429443
n_171_1.wav,neutral,0.43629738688468933,0.4316132664680481,0.37906020879745483
n_172_0.wav,neutral,0.6488021016120911,0.6461068391799927,0.5011489391326904
n_173_0.wav,neutral,0.5082533359527588,0.5232125520706177,0.5621968507766724
n_174_0.wav,neutral,0.5562533736228943,0.5408024787902832,0.5702238082885742
n_175_0.wav,neutral,0.7521152496337891,0.715972363948822,0.5487121343612671
n_176_0.wav,neutral,0.7699533104896545,0.7411885261535645,0.45448094606399536
n_177_1.wav,neutral,0.7397778034210205,0.73428875207901,0.38129723072052
n_178_1.wav,neutral,0.6782544851303101,0.6625825762748718,0.505172848701477
n_179_0.wav,neutral,0.48142874240875244,0.534140408039093,0.5383570194244385
n_180_0.wav,neutral,0.4581775665283203,0.4833214282989502,0.5836127996444702
n_181_0.wav,neutral,0.5216606855392456,0.5544424057006836,0.45417577028274536
n_182_0.wav,neutral,0.4741804003715515,0.5527936220169067,0.4668315052986145
n_183_0.wav,neutral,0.4014439582824707,0.4748596251010895,0.5243561863899231
n_184_0.wav,neutral,0.3661024272441864,0.4245867431163788,0.34108418226242065
n_185_0.wav,neutral,0.4124494194984436,0.4497961401939392,0.5176851749420166
n_186_1.wav,neutral,0.7083038091659546,0.7349003553390503,0.41648954153060913
n_187_0.wav,neutral,0.4912889301776886,0.544822096824646,0.552873969078064
n_188_0.wav,neutral,0.5703670978546143,0.5909683108329773,0.7635072469711304
n_189_1.wav,neutral,0.37857604026794434,0.45946404337882996,0.4008115530014038
n_190_1.wav,neutral,0.5213451385498047,0.5453503131866455,0.45513999462127686
n_191_1.wav,neutral,0.546108603477478,0.5633842349052429,0.40811532735824585
n_192_1.wav,neutral,0.6658465266227722,0.6353368759155273,0.3333902657032013
n_193_1.wav,neutral,0.629186749458313,0.6342539191246033,0.3307347297668457
n_194_0.wav,neutral,0.3668918013572693,0.44375818967819214,0.5529634952545166
n_195_0.wav,neutral,0.40528833866119385,0.4415042996406555,0.4932039976119995
n_196_0.wav,neutral,0.46839284896850586,0.49045467376708984,0.34732919931411743
n_197_0.wav,neutral,0.5476343035697937,0.5738680362701416,0.6184296607971191
n_198_0.wav,neutral,0.432341605424881,0.43567144870758057,0.5663837194442749
n_199_1.wav,neutral,0.46633580327033997,0.5129513740539551,0.3617525100708008
n_200_1.wav,neutral,0.4715633690357208,0.5459942817687988,0.8072351217269897
n_201_1.wav,neutral,0.38230735063552856,0.4664573669433594,0.4216042160987854
n_202_1.wav,neutral,0.5394461154937744,0.5694299340248108,0.5316188335418701
n_203_1.wav,neutral,0.608058512210846,0.6465045809745789,0.34971731901168823
n_204_1.wav,neutral,0.5799333453178406,0.5824086666107178,0.2375396192073822
n_205_1.wav,neutral,0.48493462800979614,0.5262808799743652,0.3962278366088867
n_206_1.wav,neutral,0.6387466788291931,0.5947529673576355,0.5802896022796631
n_207_1.wav,neutral,0.5882262587547302,0.5832532644271851,0.4612247943878174
n_208_1.wav,neutral,0.6351239681243896,0.6437689661979675,0.687678337097168
n_209_1.wav,neutral,0.6514908075332642,0.6317269802093506,0.6427210569381714
n_210_1.wav,neutral,0.6189428567886353,0.6389076113700867,0.3554796278476715
n_211_1.wav,neutral,0.6339622735977173,0.6111807823181152,0.5197596549987793
n_212_0.wav,neutral,0.4608248472213745,0.4909575283527374,0.5133497714996338
n_213_0.wav,neutral,0.5590648651123047,0.5792719721794128,0.5504688024520874
n_214_0.wav,neutral,0.5684932470321655,0.5714831352233887,0.6904351711273193
n_215_0.wav,neutral,0.5875351428985596,0.5790904760360718,0.6193958520889282
n_216_0.wav,neutral,0.30682381987571716,0.40148958563804626,0.45949214696884155
n_217_0.wav,neutral,0.3948124051094055,0.511601448059082,0.5054019093513489
n_218_0.wav,neutral,0.35036003589630127,0.4268907308578491,0.42918795347213745
n_219_0.wav,neutral,0.4224903881549835,0.49236834049224854,0.6167768239974976
n_220_0.wav,neutral,0.5371087193489075,0.5771413445472717,0.4559193253517151
n_221_0.wav,neutral,0.33456459641456604,0.43002164363861084,0.5242245197296143
a_225_0.wav,angry,0.848150908946991,0.8215744495391846,0.8709509968757629
a_226_0.wav,angry,0.7930627465248108,0.7656427621841431,0.7876256704330444
a_227_0.wav,angry,0.55820232629776,0.5722293853759766,0.45138150453567505
a_228_1.wav,angry,1.0585966110229492,0.9569648504257202,0.48246389627456665
a_229_0.wav,angry,0.8230670690536499,0.8109781742095947,0.6891992092132568
a_230_0.wav,angry,0.9513497948646545,0.8894689679145813,0.4389781355857849
s_206_0.wav,sad,0.2574506103992462,0.31552162766456604,0.39175546169281006
a_231_0.wav,angry,0.906049907207489,0.8422667384147644,0.3243252635002136
a_232_0.wav,angry,0.9367066025733948,0.8721145987510681,0.2245858609676361
a_233_0.wav,angry,0.874171793460846,0.8646907806396484,0.521001935005188
a_234_0.wav,angry,0.8413709402084351,0.8425901532173157,0.5694512724876404
a_235_0.wav,angry,0.8561128377914429,0.8165885210037231,0.7495313882827759
a_236_0.wav,angry,0.9068664312362671,0.8398548364639282,0.7326409816741943
a_237_0.wav,angry,0.9289162755012512,0.874194324016571,0.515833854675293
s_207_0.wav,sad,0.36604809761047363,0.3690869212150574,0.38317400217056274
a_238_0.wav,angry,0.8452064990997314,0.7720327973365784,0.6944915056228638
a_239_0.wav,angry,0.8773133158683777,0.8347954154014587,0.4427220821380615
a_240_0.wav,angry,0.919213056564331,0.8587914705276489,0.6841741800308228
a_241_0.wav,angry,0.9092075824737549,0.8668657541275024,0.5429943799972534
s_208_1.wav,sad,0.8459347486495972,0.7761746644973755,0.8086823225021362
s_209_1.wav,sad,0.8704748749732971,0.7783637642860413,0.9010220766067505
s_210_1.wav,sad,0.7547962665557861,0.6768226623535156,0.5487622022628784
a_242_1.wav,angry,0.842656135559082,0.8049234747886658,0.045977722853422165
a_243_1.wav,angry,0.883895754814148,0.8124270439147949,0.23536455631256104
h_231_1.wav,happy,0.7075116634368896,0.6491155028343201,0.8163648843765259
a_244_0.wav,angry,0.9026789665222168,0.7933785319328308,0.2438473403453827
a_245_0.wav,angry,0.7651699185371399,0.7039667367935181,0.6174651384353638
a_246_1.wav,angry,0.8721919059753418,0.8395078182220459,0.21193474531173706
h_232_1.wav,happy,0.8385100364685059,0.7607156038284302,0.9066545963287354
h_233_0.wav,happy,0.832797110080719,0.7851710915565491,0.5940476655960083
h_234_1.wav,happy,0.8458635807037354,0.7367050051689148,0.5416598320007324
h_235_0.wav,happy,0.7607089281082153,0.7047725915908813,0.3533118963241577
h_236_1.wav,happy,0.8425639271736145,0.7771655917167664,0.5102174282073975
h_237_1.wav,happy,0.800672173500061,0.6997237205505371,0.6763677597045898
a_247_0.wav,angry,0.8616140484809875,0.8233817219734192,0.6305373311042786
a_248_1.wav,angry,0.8611809611320496,0.7325104475021362,0.47632408142089844
a_249_1.wav,angry,0.7817606925964355,0.7400776743888855,0.2870343327522278
a_250_0.wav,angry,0.822149932384491,0.761009931564331,0.5848108530044556
s_211_1.wav,sad,0.8828953504562378,0.7742373943328857,0.6209152936935425
s_212_1.wav,sad,0.6522157788276672,0.5608237981796265,0.3771786689758301
s_213_1.wav,sad,0.908826470375061,0.7881053686141968,0.7055913209915161
s_214_1.wav,sad,0.8276538848876953,0.7155264616012573,0.5079706311225891
s_215_0.wav,sad,0.6687964797019958,0.6278670430183411,0.5305346250534058
a_251_1.wav,angry,0.7911688089370728,0.7485708594322205,0.4772917628288269
a_252_1.wav,angry,0.8608904480934143,0.7840574383735657,0.4670185446739197
h_238_0.wav,happy,0.8955323100090027,0.8168455362319946,0.6528476476669312
s_216_1.wav,sad,0.7472388744354248,0.7463377714157104,0.25680702924728394
a_253_0.wav,angry,1.0248243808746338,0.926146388053894,0.30889928340911865
a_254_0.wav,angry,1.0627143383026123,1.0383981466293335,0.0290125273168087
a_255_0.wav,angry,0.9710472226142883,0.9373039603233337,0.26960909366607666
a_256_0.wav,angry,0.7310317754745483,0.7634522914886475,0.30452072620391846
h_239_0.wav,happy,0.7143077850341797,0.6550049781799316,0.6471201777458191
a_257_1.wav,angry,0.8420977592468262,0.7488431334495544,0.4125591516494751
a_258_1.wav,angry,0.9198179244995117,0.840749204158783,0.3612179458141327
s_217_1.wav,sad,0.3261635899543762,0.4449288249015808,0.22989384829998016
s_218_1.wav,sad,0.14005807042121887,0.2555729150772095,0.2182522863149643
s_219_1.wav,sad,0.4007943868637085,0.43869897723197937,0.39127740263938904
s_220_1.wav,sad,0.7681291699409485,0.7217246890068054,0.12781111896038055
s_221_1.wav,sad,0.5211750268936157,0.476310670375824,0.632189154624939
s_222_1.wav,sad,0.604280412197113,0.5689821243286133,0.3756706714630127
h_240_0.wav,happy,0.4977606236934662,0.5506712198257446,0.5975552797317505
h_241_1.wav,happy,0.6734743118286133,0.6829788684844971,0.5622607469558716
n_222_0.wav,neutral,0.2986283302307129,0.4418000280857086,0.3403538465499878
s_223_1.wav,sad,0.15809473395347595,0.28066495060920715,0.38008251786231995
s_224_0.wav,sad,0.18445418775081635,0.2703908681869507,0.3516211211681366
s_225_1.wav,sad,0.5953633189201355,0.5763897895812988,0.7023676633834839
s_226_1.wav,sad,0.4962650537490845,0.4770587384700775,0.4513132870197296
h_242_0.wav,happy,0.5474070310592651,0.543330192565918,0.752704381942749
h_243_0.wav,happy,0.36362236738204956,0.4232209324836731,0.5514732599258423
a_259_1.wav,angry,0.6636384725570679,0.65071040391922,0.4858528971672058
s_227_1.wav,sad,0.41415977478027344,0.45615553855895996,0.26213788986206055
h_244_0.wav,happy,0.24962440133094788,0.31946590542793274,0.2794591188430786
